{"SC":{"mode":850,"median":653,"mean":649.5376527423,"std":97.2334927934},"RS":{"mode":850,"median":650,"mean":651.1051428571,"std":95.1365984138},"PR":{"mode":850,"median":650,"mean":648.9612940497,"std":98.6071859131}}